{"cameraMode":{"drawMode":0,"name":"Shaded","section":"Shading Mode"},"sceneLighting":true,"audioPlay":false,"sceneViewState":{"showFog":true,"showMaterialUpdate":false,"showSkybox":true,"showFlares":true,"showImageEffects":true,"showParticleSystems":true},"in2DMode":false,"pivot":{"x":-1.6617164611816407,"y":0.3852415084838867,"z":-6.007593154907227},"rotation":{"x":-0.23325206339359284,"y":0.4610239565372467,"z":-0.1270006150007248,"w":-0.846718966960907},"size":4.166025161743164,"orthographic":false}